<?xml version="1.0" encoding="utf-8" standalone="yes"?>
<Preparations ReleaseDate="01.01.2015">
  <Preparation ProductCommercial="8620">
    <NameDe>3TC</NameDe>
    <NameFr>3TC</NameFr>
    <NameIt>3TC</NameIt>
    <DescriptionDe>Filmtabl 150 mg </DescriptionDe>
    <DescriptionFr>cpr pell 150 mg </DescriptionFr>
    <DescriptionIt>cpr riv 150 mg </DescriptionIt>
    <AtcCode>J05AF05</AtcCode>
    <SwissmedicNo5>53662</SwissmedicNo5>
    <FlagItLimitation>Y</FlagItLimitation>
    <OrgGenCode>O</OrgGenCode>
    <FlagSB20>N</FlagSB20>
    <CommentDe />
    <CommentFr />
    <CommentIt />
    <VatInEXF>N</VatInEXF>
    <Packs>
      <Pack ProductKey="8620" PackId="12442">
        <DescriptionDe>60 Stk</DescriptionDe>
        <DescriptionFr>60 pce</DescriptionFr>
        <DescriptionIt>60 pez</DescriptionIt>
        <SwissmedicCategory>A</SwissmedicCategory>
        <SwissmedicNo8>53662013</SwissmedicNo8>
        <FlagNarcosis>N</FlagNarcosis>
        <FlagModal>Y</FlagModal>
        <BagDossierNo>16577</BagDossierNo>
        <GTIN>7680536620137</GTIN>
        <Limitations />
        <PointLimitations />
        <Prices>
          <ExFactoryPrice>
            <Price>164.55</Price>
            <ValidFromDate>01.10.2011</ValidFromDate>
            <DivisionDescription />
            <PriceTypeCode>PEXF</PriceTypeCode>
            <PriceTypeDescriptionDe>Ex-Factory Preis</PriceTypeDescriptionDe>
            <PriceTypeDescriptionFr>Prix ex-factory</PriceTypeDescriptionFr>
            <PriceTypeDescriptionIt>Prix ex-factory</PriceTypeDescriptionIt>
            <PriceChangeTypeCode>FREIWILLIGEPS</PriceChangeTypeCode>
            <PriceChangeTypeDescriptionDe>Freiwillige Preissenkung</PriceChangeTypeDescriptionDe>
            <PriceChangeTypeDescriptionFr>Baissement de prix volontairement</PriceChangeTypeDescriptionFr>
            <PriceChangeTypeDescriptionIt>Baissement de prix volontairement</PriceChangeTypeDescriptionIt>
          </ExFactoryPrice>
          <PublicPrice>
            <Price>205.3</Price>
            <ValidFromDate>01.10.2011</ValidFromDate>
            <DivisionDescription />
            <PriceTypeCode>PPUB</PriceTypeCode>
            <PriceTypeDescriptionDe>Publikumspreis</PriceTypeDescriptionDe>
            <PriceTypeDescriptionFr>Prix public</PriceTypeDescriptionFr>
            <PriceTypeDescriptionIt>Prix public</PriceTypeDescriptionIt>
            <PriceChangeTypeCode>FREIWILLIGEPS</PriceChangeTypeCode>
            <PriceChangeTypeDescriptionDe>Freiwillige Preissenkung</PriceChangeTypeDescriptionDe>
            <PriceChangeTypeDescriptionFr>Baissement de prix volontairement</PriceChangeTypeDescriptionFr>
            <PriceChangeTypeDescriptionIt>Baissement de prix volontairement</PriceChangeTypeDescriptionIt>
          </PublicPrice>
        </Prices>
        <Partners>
          <Partner>
            <PartnerType>V</PartnerType>
            <Description>ViiV Healthcare GmbH</Description>
            <Street>Talstrasse 3-5</Street>
            <ZipCode>3053</ZipCode>
            <Place>Münchenbuchsee</Place>
            <Phone>+41315607670</Phone>
          </Partner>
        </Partners>
        <Status>
          <IntegrationDate>15.03.1996</IntegrationDate>
          <ValidFromDate>15.03.1996</ValidFromDate>
          <ValidThruDate>31.12.9999</ValidThruDate>
          <StatusTypeCodeSl>0</StatusTypeCodeSl>
          <StatusTypeDescriptionSl>Initialzustand</StatusTypeDescriptionSl>
          <FlagApd>N</FlagApd>
        </Status>
      </Pack>
    </Packs>
    <Substances>
      <Substance>
        <DescriptionLa>Lamivudinum</DescriptionLa>
        <Quantity>150</Quantity>
        <QuantityUnit>mg</QuantityUnit>
      </Substance>
    </Substances>
    <Limitations />
    <ItCodes>
      <ItCode Code="08.">
        <DescriptionDe>INFEKTIONSKRANKHEITEN</DescriptionDe>
        <DescriptionFr>MALADIES INFECTIEUSES</DescriptionFr>
        <DescriptionIt>MALATTIE INFETTIVE </DescriptionIt>
        <Limitations />
      </ItCode>
      <ItCode Code="08.03.">
        <DescriptionDe>Mittel gegen Viren</DescriptionDe>
        <DescriptionFr>Préparations antivirales</DescriptionFr>
        <DescriptionIt>Antivirali</DescriptionIt>
        <Limitations />
      </ItCode>
    </ItCodes>
    <Status>
      <IntegrationDate>15.03.1996</IntegrationDate>
      <ValidFromDate>15.03.1996</ValidFromDate>
      <ValidThruDate>31.12.9999</ValidThruDate>
      <StatusTypeCodeSl>0</StatusTypeCodeSl>
      <StatusTypeDescriptionSl>Initialzustand</StatusTypeDescriptionSl>
      <FlagApd>N</FlagApd>
    </Status>
  </Preparation>
  <Preparation ProductCommercial="9881">
    <NameDe>3TC</NameDe>
    <NameFr>3TC</NameFr>
    <NameIt>3TC</NameIt>
    <DescriptionDe>Filmtabl 300 mg </DescriptionDe>
    <DescriptionFr>cpr pell 300 mg </DescriptionFr>
    <DescriptionIt>cpr riv 300 mg </DescriptionIt>
    <AtcCode>J05AF05</AtcCode>
    <SwissmedicNo5>53662</SwissmedicNo5>
    <FlagItLimitation>Y</FlagItLimitation>
    <OrgGenCode>O</OrgGenCode>
    <FlagSB20>N</FlagSB20>
    <CommentDe />
    <CommentFr />
    <CommentIt />
    <VatInEXF>N</VatInEXF>
    <Packs>
      <Pack ProductKey="9881" PackId="14569">
        <DescriptionDe>30 Stk</DescriptionDe>
        <DescriptionFr>30 pce</DescriptionFr>
        <DescriptionIt>30 pez</DescriptionIt>
        <SwissmedicCategory>A</SwissmedicCategory>
        <SwissmedicNo8>53662021</SwissmedicNo8>
        <FlagNarcosis>N</FlagNarcosis>
        <FlagModal>Y</FlagModal>
        <BagDossierNo>16577</BagDossierNo>
        <GTIN>7680536620212</GTIN>
        <Limitations />
        <PointLimitations />
        <Prices>
          <ExFactoryPrice>
            <Price>164.55</Price>
            <ValidFromDate>01.10.2011</ValidFromDate>
            <DivisionDescription />
            <PriceTypeCode>PEXF</PriceTypeCode>
            <PriceTypeDescriptionDe>Ex-Factory Preis</PriceTypeDescriptionDe>
            <PriceTypeDescriptionFr>Prix ex-factory</PriceTypeDescriptionFr>
            <PriceTypeDescriptionIt>Prix ex-factory</PriceTypeDescriptionIt>
            <PriceChangeTypeCode>FREIWILLIGEPS</PriceChangeTypeCode>
            <PriceChangeTypeDescriptionDe>Freiwillige Preissenkung</PriceChangeTypeDescriptionDe>
            <PriceChangeTypeDescriptionFr>Baissement de prix volontairement</PriceChangeTypeDescriptionFr>
            <PriceChangeTypeDescriptionIt>Baissement de prix volontairement</PriceChangeTypeDescriptionIt>
          </ExFactoryPrice>
          <PublicPrice>
            <Price>205.3</Price>
            <ValidFromDate>01.10.2011</ValidFromDate>
            <DivisionDescription />
            <PriceTypeCode>PPUB</PriceTypeCode>
            <PriceTypeDescriptionDe>Publikumspreis</PriceTypeDescriptionDe>
            <PriceTypeDescriptionFr>Prix public</PriceTypeDescriptionFr>
            <PriceTypeDescriptionIt>Prix public</PriceTypeDescriptionIt>
            <PriceChangeTypeCode>FREIWILLIGEPS</PriceChangeTypeCode>
            <PriceChangeTypeDescriptionDe>Freiwillige Preissenkung</PriceChangeTypeDescriptionDe>
            <PriceChangeTypeDescriptionFr>Baissement de prix volontairement</PriceChangeTypeDescriptionFr>
            <PriceChangeTypeDescriptionIt>Baissement de prix volontairement</PriceChangeTypeDescriptionIt>
          </PublicPrice>
        </Prices>
        <Partners>
          <Partner>
            <PartnerType>V</PartnerType>
            <Description>ViiV Healthcare GmbH</Description>
            <Street>Talstrasse 3-5</Street>
            <ZipCode>3053</ZipCode>
            <Place>Münchenbuchsee</Place>
            <Phone>+41315607670</Phone>
          </Partner>
        </Partners>
        <Status>
          <IntegrationDate>01.11.2004</IntegrationDate>
          <ValidFromDate>01.11.2004</ValidFromDate>
          <ValidThruDate>31.12.9999</ValidThruDate>
          <StatusTypeCodeSl>0</StatusTypeCodeSl>
          <StatusTypeDescriptionSl>Initialzustand</StatusTypeDescriptionSl>
          <FlagApd>N</FlagApd>
        </Status>
      </Pack>
    </Packs>
    <Substances>
      <Substance>
        <DescriptionLa>Lamivudinum</DescriptionLa>
        <Quantity>300</Quantity>
        <QuantityUnit>mg</QuantityUnit>
      </Substance>
    </Substances>
    <Limitations />
    <ItCodes>
      <ItCode Code="08.">
        <DescriptionDe>INFEKTIONSKRANKHEITEN</DescriptionDe>
        <DescriptionFr>MALADIES INFECTIEUSES</DescriptionFr>
        <DescriptionIt>MALATTIE INFETTIVE </DescriptionIt>
        <Limitations />
      </ItCode>
      <ItCode Code="08.03.">
        <DescriptionDe>Mittel gegen Viren</DescriptionDe>
        <DescriptionFr>Préparations antivirales</DescriptionFr>
        <DescriptionIt>Antivirali</DescriptionIt>
        <Limitations />
      </ItCode>
    </ItCodes>
    <Status>
      <IntegrationDate>01.11.2004</IntegrationDate>
      <ValidFromDate>01.11.2004</ValidFromDate>
      <ValidThruDate>31.12.9999</ValidThruDate>
      <StatusTypeCodeSl>0</StatusTypeCodeSl>
      <StatusTypeDescriptionSl>Initialzustand</StatusTypeDescriptionSl>
      <FlagApd>N</FlagApd>
    </Status>
  </Preparation>
  <Preparation ProductCommercial="8621">
    <NameDe>3TC</NameDe>
    <NameFr>3TC</NameFr>
    <NameIt>3TC</NameIt>
    <DescriptionDe>Trink Lös 10 mg/ml o alkohol</DescriptionDe>
    <DescriptionFr>sol buv 10 mg/ml s alcol </DescriptionFr>
    <DescriptionIt>sol bev 10 mg/ml s alcol </DescriptionIt>
    <AtcCode>J05AF05</AtcCode>
    <SwissmedicNo5>53663</SwissmedicNo5>
    <FlagItLimitation>Y</FlagItLimitation>
    <OrgGenCode />
    <FlagSB20>N</FlagSB20>
    <CommentDe />
    <CommentFr />
    <CommentIt />
    <VatInEXF>N</VatInEXF>
    <Packs>
      <Pack ProductKey="8621" PackId="12443">
        <DescriptionDe>240 ml</DescriptionDe>
        <DescriptionFr>240 ml</DescriptionFr>
        <DescriptionIt>240 ml</DescriptionIt>
        <SwissmedicCategory>A</SwissmedicCategory>
        <SwissmedicNo8>53663036</SwissmedicNo8>
        <FlagNarcosis>N</FlagNarcosis>
        <FlagModal>Y</FlagModal>
        <BagDossierNo>16578</BagDossierNo>
        <GTIN>7680536630365</GTIN>
        <Limitations />
        <PointLimitations />
        <Prices>
          <ExFactoryPrice>
            <Price>50.73</Price>
            <ValidFromDate>01.10.2011</ValidFromDate>
            <DivisionDescription />
            <PriceTypeCode>PEXF</PriceTypeCode>
            <PriceTypeDescriptionDe>Ex-Factory Preis</PriceTypeDescriptionDe>
            <PriceTypeDescriptionFr>Prix ex-factory</PriceTypeDescriptionFr>
            <PriceTypeDescriptionIt>Prix ex-factory</PriceTypeDescriptionIt>
            <PriceChangeTypeCode>FREIWILLIGEPS</PriceChangeTypeCode>
            <PriceChangeTypeDescriptionDe>Freiwillige Preissenkung</PriceChangeTypeDescriptionDe>
            <PriceChangeTypeDescriptionFr>Baissement de prix volontairement</PriceChangeTypeDescriptionFr>
            <PriceChangeTypeDescriptionIt>Baissement de prix volontairement</PriceChangeTypeDescriptionIt>
          </ExFactoryPrice>
          <PublicPrice>
            <Price>74.65</Price>
            <ValidFromDate>01.10.2011</ValidFromDate>
            <DivisionDescription />
            <PriceTypeCode>PPUB</PriceTypeCode>
            <PriceTypeDescriptionDe>Publikumspreis</PriceTypeDescriptionDe>
            <PriceTypeDescriptionFr>Prix public</PriceTypeDescriptionFr>
            <PriceTypeDescriptionIt>Prix public</PriceTypeDescriptionIt>
            <PriceChangeTypeCode>FREIWILLIGEPS</PriceChangeTypeCode>
            <PriceChangeTypeDescriptionDe>Freiwillige Preissenkung</PriceChangeTypeDescriptionDe>
            <PriceChangeTypeDescriptionFr>Baissement de prix volontairement</PriceChangeTypeDescriptionFr>
            <PriceChangeTypeDescriptionIt>Baissement de prix volontairement</PriceChangeTypeDescriptionIt>
          </PublicPrice>
        </Prices>
        <Partners>
          <Partner>
            <PartnerType>V</PartnerType>
            <Description>ViiV Healthcare GmbH</Description>
            <Street>Talstrasse 3-5</Street>
            <ZipCode>3053</ZipCode>
            <Place>Münchenbuchsee</Place>
            <Phone>+41315607670</Phone>
          </Partner>
        </Partners>
        <Status>
          <IntegrationDate>15.03.1996</IntegrationDate>
          <ValidFromDate>15.03.1996</ValidFromDate>
          <ValidThruDate>31.12.9999</ValidThruDate>
          <StatusTypeCodeSl>0</StatusTypeCodeSl>
          <StatusTypeDescriptionSl>Initialzustand</StatusTypeDescriptionSl>
          <FlagApd>N</FlagApd>
        </Status>
      </Pack>
    </Packs>
    <Substances>
      <Substance>
        <DescriptionLa>Lamivudinum</DescriptionLa>
        <Quantity>150</Quantity>
        <QuantityUnit>mg</QuantityUnit>
      </Substance>
    </Substances>
    <Limitations />
    <ItCodes>
      <ItCode Code="08.">
        <DescriptionDe>INFEKTIONSKRANKHEITEN</DescriptionDe>
        <DescriptionFr>MALADIES INFECTIEUSES</DescriptionFr>
        <DescriptionIt>MALATTIE INFETTIVE </DescriptionIt>
        <Limitations />
      </ItCode>
      <ItCode Code="08.03.">
        <DescriptionDe>Mittel gegen Viren</DescriptionDe>
        <DescriptionFr>Préparations antivirales</DescriptionFr>
        <DescriptionIt>Antivirali</DescriptionIt>
        <Limitations />
      </ItCode>
    </ItCodes>
    <Status>
      <IntegrationDate>15.03.1996</IntegrationDate>
      <ValidFromDate>15.03.1996</ValidFromDate>
      <ValidThruDate>31.12.9999</ValidThruDate>
      <StatusTypeCodeSl>0</StatusTypeCodeSl>
      <StatusTypeDescriptionSl>Initialzustand</StatusTypeDescriptionSl>
      <FlagApd>N</FlagApd>
    </Status>
  </Preparation>
  <Preparation ProductCommercial="4">
    <NameDe>A.T. 10</NameDe>
    <NameFr>A.T. 10</NameFr>
    <NameIt>A.T. 10</NameIt>
    <DescriptionDe>Lös </DescriptionDe>
    <DescriptionFr>sol </DescriptionFr>
    <DescriptionIt>sol</DescriptionIt>
    <AtcCode>A11CC02</AtcCode>
    <SwissmedicNo5>14825</SwissmedicNo5>
    <FlagItLimitation>Y</FlagItLimitation>
    <OrgGenCode />
    <FlagSB20>N</FlagSB20>
    <CommentDe />
    <CommentFr />
    <CommentIt />
    <VatInEXF>N</VatInEXF>
    <Packs>
      <Pack ProductKey="4" PackId="7">
        <DescriptionDe>30 ml</DescriptionDe>
        <DescriptionFr>30 ml</DescriptionFr>
        <DescriptionIt>30 ml</DescriptionIt>
        <SwissmedicCategory>B</SwissmedicCategory>
        <SwissmedicNo8>14825037</SwissmedicNo8>
        <FlagNarcosis>N</FlagNarcosis>
        <FlagModal>Y</FlagModal>
        <BagDossierNo>647</BagDossierNo>
        <GTIN>7680148250371</GTIN>
        <Limitations />
        <PointLimitations />
        <Prices>
          <PublicPrice>
            <Price>70.55</Price>
            <ValidFromDate>01.01.2011</ValidFromDate>
            <DivisionDescription />
            <PriceTypeCode>PPUB</PriceTypeCode>
            <PriceTypeDescriptionDe>Publikumspreis</PriceTypeDescriptionDe>
            <PriceTypeDescriptionFr>Prix public</PriceTypeDescriptionFr>
            <PriceTypeDescriptionIt>Prix public</PriceTypeDescriptionIt>
            <PriceChangeTypeCode>MWSTAENDERUNG</PriceChangeTypeCode>
            <PriceChangeTypeDescriptionDe>MwSt-Änderung</PriceChangeTypeDescriptionDe>
            <PriceChangeTypeDescriptionFr>MwSt-Änderung</PriceChangeTypeDescriptionFr>
            <PriceChangeTypeDescriptionIt>MwSt-Änderung</PriceChangeTypeDescriptionIt>
          </PublicPrice>
          <ExFactoryPrice>
            <Price>47.15</Price>
            <ValidFromDate>31.03.2006</ValidFromDate>
            <DivisionDescription />
            <PriceTypeCode>PEXF</PriceTypeCode>
            <PriceTypeDescriptionDe>Ex-Factory Preis</PriceTypeDescriptionDe>
            <PriceTypeDescriptionFr>Prix ex-factory</PriceTypeDescriptionFr>
            <PriceTypeDescriptionIt>Prix ex-factory</PriceTypeDescriptionIt>
            <PriceChangeTypeCode>NORMAL</PriceChangeTypeCode>
            <PriceChangeTypeDescriptionDe>Normale Preismutation</PriceChangeTypeDescriptionDe>
            <PriceChangeTypeDescriptionFr>Mutation de prix normale</PriceChangeTypeDescriptionFr>
            <PriceChangeTypeDescriptionIt>Mutation de prix normale</PriceChangeTypeDescriptionIt>
          </ExFactoryPrice>
        </Prices>
        <Partners>
          <Partner>
            <PartnerType>V</PartnerType>
            <Description>Farmaceutica Teofarma Suisse SA c/o Bernasconi Peter Gaggini</Description>
            <Street>via Francesco Somaini 10</Street>
            <ZipCode>6900</ZipCode>
            <Place>Lugano</Place>
            <Phone />
          </Partner>
        </Partners>
        <Status>
          <IntegrationDate>15.03.1999</IntegrationDate>
          <ValidFromDate>15.03.1999</ValidFromDate>
          <ValidThruDate>31.12.9999</ValidThruDate>
          <StatusTypeCodeSl>0</StatusTypeCodeSl>
          <StatusTypeDescriptionSl>Initialzustand</StatusTypeDescriptionSl>
          <FlagApd>N</FlagApd>
        </Status>
      </Pack>
    </Packs>
    <Substances>
      <Substance>
        <DescriptionLa>Dihydrotachysterolum</DescriptionLa>
        <Quantity>1</Quantity>
        <QuantityUnit>mg</QuantityUnit>
      </Substance>
    </Substances>
    <Limitations />
    <ItCodes>
      <ItCode Code="07.">
        <DescriptionDe>STOFFWECHSEL</DescriptionDe>
        <DescriptionFr>METABOLISME</DescriptionFr>
        <DescriptionIt>METABOLISMO</DescriptionIt>
        <Limitations />
      </ItCode>
      <ItCode Code="07.02.">
        <DescriptionDe>Mineralia et Vitamina</DescriptionDe>
        <DescriptionFr>Mineralia et Vitamina</DescriptionFr>
        <DescriptionIt>Minerali e vitamine</DescriptionIt>
        <Limitations />
      </ItCode>
      <ItCode Code="07.02.30.">
        <DescriptionDe>Einfache Vitamine</DescriptionDe>
        <DescriptionFr>Vitamines simples</DescriptionFr>
        <DescriptionIt>Vitamine sole</DescriptionIt>
        <Limitations />
      </ItCode>
    </ItCodes>
    <Status>
      <IntegrationDate>15.03.1999</IntegrationDate>
      <ValidFromDate>15.03.1999</ValidFromDate>
      <ValidThruDate>31.12.9999</ValidThruDate>
      <StatusTypeCodeSl>0</StatusTypeCodeSl>
      <StatusTypeDescriptionSl>Initialzustand</StatusTypeDescriptionSl>
      <FlagApd>N</FlagApd>
    </Status>
  </Preparation>
</Preparations>
